DSCN223.JPG,24
DSCN224.JPG,24
DSCN225.JPG,27
DSCN226.JPG,34
DSCN227.JPG,21
DSCN228.JPG,23
DSCN229.JPG,26
DSCN230.JPG,26
DSCN231.JPG,26
DSCN232.JPG,28
DSCN233.JPG,23
DSCN234.JPG,26
DSCN235.JPG,27
DSCN236.JPG,28
DSCN237.JPG,27
DSCN238.JPG,25
DSCN239.JPG,24
DSCN240.JPG,23
DSCN241.JPG,26
DSCN242.JPG,26
DSCN243.JPG,25
DSCN244.JPG,24
DSCN245.JPG,0
DSCN246.JPG,0
DSCN247.JPG,0
DSCN248.JPG,0
DSCN249.JPG,0
DSCN250.JPG,1
DSCN251.JPG,0
DSCN252.JPG,1
DSCN253.JPG,1
DSCN254.JPG,2
DSCN255.JPG,9
DSCN256.JPG,8
DSCN257.JPG,11
DSCN258.JPG,15
DSCN259.JPG,21
DSCN260.JPG,17
DSCN261.JPG,17
DSCN262.JPG,26
DSCN263.JPG,25
DSCN264.JPG,29
DSCN265.JPG,27
DSCN266.JPG,24
DSCN267.JPG,30
DSCN268.JPG,28
DSCN269.JPG,29
DSCN270.JPG,28
DSCN271.JPG,28
DSCN272.JPG,28
DSCN273.JPG,29
DSCN274.JPG,28
DSCN275.JPG,22
DSCN276.JPG,32
DSCN277.JPG,27
DSCN278.JPG,27
DSCN279.JPG,31
DSCN280.JPG,16
DSCN281.JPG,6
DSCN282.JPG,0
DSCN283.JPG,3
DSCN284.JPG,1
DSCN285.JPG,0
DSCN286.JPG,1
DSCN287.JPG,1
DSCN288.JPG,0
DSCN289.JPG,0
DSCN290.JPG,2
DSCN291.JPG,1
DSCN292.JPG,1
DSCN293.JPG,1
DSCN294.JPG,1
DSCN295.JPG,2
DSCN296.JPG,0
DSCN297.JPG,1
DSCN298.JPG,1
DSCN299.JPG,1
DSCN300.JPG,2
DSCN301.JPG,1
DSCN302.JPG,0
DSCN303.JPG,0
DSCN304.JPG,1
DSCN305.JPG,1
DSCN306.JPG,0
DSCN307.JPG,1
DSCN308.JPG,1
DSCN309.JPG,1
DSCN310.JPG,0
DSCN311.JPG,1
DSCN312.JPG,1
DSCN0314.JPG,0
DSCN0315.JPG,0
DSCN0316.JPG,0
DSCN0317.JPG,1
DSCN0318.JPG,1
DSCN0319.JPG,0
DSCN0320.JPG,0
DSCN0321.JPG,0
DSCN0322.JPG,0
DSCN0323.JPG,0
DSCN0324.JPG,0
DSCN0325.JPG,0
DSCN0326.JPG,0
DSCN0327.JPG,0
DSCN0328.JPG,0
DSCN0329.JPG,0
DSCN0330.JPG,0
DSCN0331.JPG,0
DSCN0332.JPG,0
DSCN0333.JPG,0
DSCN0334.JPG,0
DSCN0335.JPG,0
DSCN0336.JPG,0
DSCN0337.JPG,0
DSCN0338.JPG,0
DSCN0339.JPG,0
DSCN0340.JPG,0
DSCN0341.JPG,0
DSCN0342.JPG,0
DSCN0343.JPG,0
DSCN0344.JPG,0
DSCN0345.JPG,0
DSCN0346.JPG,0
DSCN0347.JPG,0
DSCN0348.JPG,0
DSCN0349.JPG,0
DSCN0350.JPG,0
DSCN0351.JPG,0
DSCN0352.JPG,0
DSCN0353.JPG,0
DSCN0354.JPG,0
DSCN0355.JPG,0
DSCN0356.JPG,0
DSCN0357.JPG,0
DSCN0358.JPG,0
DSCN0359.JPG,0
DSCN0360.JPG,0
DSCN0361.JPG,0
DSCN0362.JPG,0
DSCN0363.JPG,0
DSCN0364.JPG,0
DSCN0365.JPG,0
DSCN0366.JPG,0
DSCN0367.JPG,0
DSCN0368.JPG,0
DSCN0369.JPG,0
DSCN0370.JPG,0
DSCN0371.JPG,0
DSCN0372.JPG,0
DSCN0373.JPG,0
DSCN0374.JPG,0
DSCN0375.JPG,0
DSCN0376.JPG,0
DSCN0377.JPG,0
DSCN0378.JPG,0
DSCN0379.JPG,0
DSCN0380.JPG,0
DSCN0381.JPG,0
DSCN0382.JPG,0
DSCN0383.JPG,0
DSCN0384.JPG,0
DSCN0385.JPG,0
DSCN0386.JPG,0
DSCN0387.JPG,0
DSCN0388.JPG,0
DSCN0389.JPG,0
DSCN0390.JPG,0
DSCN0391.JPG,0
DSCN0392.JPG,0
DSCN0393.JPG,0
DSCN0394.JPG,0
DSCN0395.JPG,0
DSCN0396.JPG,0
DSCN0397.JPG,0
DSCN0398.JPG,0
DSCN0399.JPG,0
DSCN0400.JPG,0
DSCN0401.JPG,0
DSCN0402.JPG,0
DSCN0403.JPG,0
DSCN0404.JPG,0
DSCN0405.JPG,0
DSCN0406.JPG,0
DSCN0407.JPG,0
DSCN0408.JPG,0
DSCN0409.JPG,0
DSCN0410.JPG,0
DSCN0411.JPG,0
DSCN0412.JPG,0
DSCN0413.JPG,0
DSCN0414.JPG,0
DSCN0415.JPG,0
DSCN0416.JPG,0
DSCN0417.JPG,0
DSCN0418.JPG,0
DSCN0419.JPG,0
DSCN0420.JPG,3
DSCN0421.JPG,4
DSCN0422.JPG,5
DSCN0423.JPG,5
DSCN0424.JPG,7
DSCN0425.JPG,9
DSCN0426.JPG,10
DSCN0427.JPG,14
DSCN0428.JPG,15
DSCN0429.JPG,11
DSCN0430.JPG,16
DSCN0431.JPG,16
DSCN0432.JPG,14
DSCN0433.JPG,22
DSCN0434.JPG,20
DSCN0435.JPG,17
DSCN0436.JPG,25
DSCN0437.JPG,27
DSCN0438.JPG,28
DSCN0439.JPG,28
DSCN0440.JPG,31
DSCN0441.JPG,28
DSCN0442.JPG,30
DSCN0443.JPG,24
DSCN0444.JPG,26
DSCN0445.JPG,32
DSCN0446.JPG,28
DSCN0447.JPG,23
DSCN0448.JPG,22
DSCN0449.JPG,19
DSCN0450.JPG,3
DSCN0451.JPG,0
DSCN0452.JPG,19
DSCN0453.JPG,17
DSCN0454.JPG,21
DSCN0455.JPG,22
DSCN0456.JPG,20
DSCN0457.JPG,22
DSCN0458.JPG,26
DSCN0459.JPG,25
DSCN0460.JPG,22
DSCN0461.JPG,32
DSCN0462.JPG,27
DSCN0463.JPG,29
DSCN0464.JPG,25
DSCN0465.JPG,34
DSCN0466.JPG,7
DSCN0467.JPG,14
DSCN0468.JPG,13
DSCN0469.JPG,12
DSCN0470.JPG,20
DSCN0471.JPG,17
DSCN0472.JPG,25
DSCN0473.JPG,26
DSCN0474.JPG,25
DSCN0475.JPG,27
DSCN0476.JPG,27
DSCN0477.JPG,28
DSCN0478.JPG,28
DSCN0479.JPG,28
DSCN0480.JPG,32
DSCN0481.JPG,29
DSCN0482.JPG,24
DSCN0483.JPG,30
DSCN0484.JPG,26
DSCN0485.JPG,23
DSCN0486.JPG,26
DSCN0487.JPG,25
DSCN0488.JPG,25
DSCN0489.JPG,30
DSCN0490.JPG,26
DSCN0491.JPG,30
DSCN0492.JPG,29
DSCN0493.JPG,34
DSCN0494.JPG,33
DSCN0495.JPG,31
DSCN0496.JPG,29
DSCN0497.JPG,28
DSCN0498.JPG,27
DSCN0499.JPG,28
DSCN0500.JPG,27
DSCN0501.JPG,31
DSCN0502.JPG,31
DSCN0503.JPG,30
DSCN0504.JPG,34
DSCN0505.JPG,33
DSCN0506.JPG,32
DSCN0507.JPG,38
DSCN0508.JPG,33
DSCN0509.JPG,31
DSCN0510.JPG,35
DSCN0511.JPG,28
DSCN0512.JPG,37
DSCN0513.JPG,32
DSCN0514.JPG,26
DSCN0515.JPG,25
DSCN0516.JPG,21
DSCN0517.JPG,26
DSCN0518.JPG,27
DSCN0519.JPG,30
DSCN0520.JPG,30
DSCN0521.JPG,32
DSCN0522.JPG,23
DSCN0523.JPG,27
DSCN0524.JPG,26
DSCN0525.JPG,33
DSCN0526.JPG,0
DSCN0527.JPG,2
DSCN0528.JPG,3
DSCN0529.JPG,4
DSCN0530.JPG,4
DSCN0531.JPG,5
DSCN0532.JPG,5
DSCN0533.JPG,5
DSCN0534.JPG,7
DSCN0535.JPG,5
DSCN0536.JPG,9
DSCN0537.JPG,5
DSCN0538.JPG,4
DSCN0539.JPG,7
DSCN0540.JPG,6
DSCN0541.JPG,4
DSCN0542.JPG,7
DSCN0543.JPG,5
DSCN0544.JPG,7
DSCN0545.JPG,7
DSCN0546.JPG,9
DSCN0547.JPG,6
DSCN0548.JPG,8
DSCN0549.JPG,7
DSCN0550.JPG,5
DSCN0551.JPG,11
DSCN0552.JPG,10
DSCN0553.JPG,10
DSCN0554.JPG,6
DSCN0555.JPG,8
DSCN0556.JPG,7
DSCN0557.JPG,10
DSCN0558.JPG,8
DSCN0559.JPG,7
DSCN0560.JPG,4
DSCN0561.JPG,4
DSCN0562.JPG,4
DSCN0563.JPG,4
DSCN0564.JPG,4
DSCN0565.JPG,4
DSCN0566.JPG,8
DSCN0567.JPG,6
DSCN0568.JPG,4
DSCN0569.JPG,5
DSCN0570.JPG,3
DSCN0571.JPG,3
DSCN0572.JPG,3
DSCN0573.JPG,3
DSCN0574.JPG,3
DSCN0575.JPG,3
DSCN0576.JPG,3
DSCN0577.JPG,3
DSCN0578.JPG,3
DSCN0579.JPG,2
DSCN0580.JPG,1
DSCN0581.JPG,1
DSCN0582.JPG,3
DSCN0583.JPG,0
DSCN0584.JPG,2
DSCN0585.JPG,2
DSCN0586.JPG,2
DSCN0587.JPG,3
DSCN0588.JPG,3
DSCN0589.JPG,3
DSCN0590.JPG,3
DSCN0591.JPG,5
DSCN0592.JPG,2
DSCN0593.JPG,3
DSCN0594.JPG,3
DSCN0595.JPG,3
DSCN0596.JPG,3
DSCN0597.JPG,3
DSCN0598.JPG,2
DSCN0599.JPG,2
DSCN0600.JPG,3
DSCN0601.JPG,3
DSCN0602.JPG,3
DSCN0603.JPG,4
DSCN0604.JPG,3
DSCN0605.JPG,4
DSCN0606.JPG,3
DSCN0607.JPG,5
DSCN0608.JPG,4
DSCN0609.JPG,3
DSCN0610.JPG,3
DSCN0611.JPG,3
DSCN0612.JPG,3
DSCN0613.JPG,6
DSCN0614.JPG,5
DSCN0615.JPG,6
DSCN0616.JPG,6
DSCN0617.JPG,7
DSCN0618.JPG,3
DSCN0619.JPG,7
DSCN0620.JPG,4
DSCN0621.JPG,5
DSCN0622.JPG,6
DSCN0623.JPG,7
DSCN0624.JPG,9
DSCN0625.JPG,7
DSCN0626.JPG,4
DSCN0627.JPG,4
DSCN0628.JPG,4
DSCN0629.JPG,7
DSCN0630.JPG,7
DSCN0631.JPG,6
DSCN0632.JPG,6
DSCN0633.JPG,8
DSCN0634.JPG,5
DSCN0635.JPG,6
DSCN0636.JPG,3
DSCN0637.JPG,2
DSCN0638.JPG,3
DSCN0639.JPG,2
DSCN0640.JPG,5
DSCN0641.JPG,4
DSCN0642.JPG,12
DSCN0643.JPG,4
DSCN0644.JPG,2
DSCN0645.JPG,4
DSCN0646.JPG,4
DSCN0647.JPG,4
DSCN0648.JPG,5
DSCN0649.JPG,4
DSCN0650.JPG,8
DSCN0651.JPG,4
DSCN0652.JPG,5
DSCN0653.JPG,5
DSCN0654.JPG,2
DSCN0655.JPG,6
DSCN0656.JPG,2
DSCN0657.JPG,2
DSCN0658.JPG,5
DSCN0659.JPG,6
DSCN0660.JPG,5
DSCN0661.JPG,3
DSCN0662.JPG,3
DSCN0663.JPG,2
DSCN0664.JPG,2
DSCN0665.JPG,4
DSCN0666.JPG,5
DSCN0667.JPG,2
DSCN0668.JPG,3
DSCN0669.JPG,6
DSCN0670.JPG,3
DSCN0671.JPG,4
DSCN0672.JPG,2
DSCN0673.JPG,1
DSCN0674.JPG,3
DSCN0675.JPG,3
DSCN0676.JPG,3
DSCN0677.JPG,1
DSCN0678.JPG,1
DSCN0679.JPG,4
DSCN0680.JPG,2
DSCN0681.JPG,4
DSCN0682.JPG,4
DSCN0683.JPG,5
DSCN0684.JPG,1
DSCN0685.JPG,2
DSCN0686.JPG,1
DSCN0687.JPG,2
DSCN0688.JPG,3
DSCN0689.JPG,1
DSCN0690.JPG,2
DSCN0691.JPG,1
DSCN0692.JPG,2
DSCN0693.JPG,2
DSCN0694.JPG,2
DSCN0695.JPG,2
DSCN0696.JPG,3
DSCN0697.JPG,4
DSCN0698.JPG,5
DSCN0699.JPG,1
DSCN0700.JPG,2
DSCN0701.JPG,3
DSCN0702.JPG,3
DSCN0703.JPG,2
DSCN0704.JPG,3
DSCN0705.JPG,4
DSCN0706.JPG,4
DSCN0707.JPG,2
DSCN0708.JPG,2
DSCN0709.JPG,5
DSCN0710.JPG,3
DSCN0711.JPG,4
DSCN0712.JPG,5
DSCN0713.JPG,5
DSCN0714.JPG,5
DSCN0715.JPG,5
DSCN0716.JPG,6
DSCN0717.JPG,4
DSCN0718.JPG,7
DSCN0719.JPG,1
DSCN0720.JPG,0
DSCN0721.JPG,0
DSCN0722.JPG,0
DSCN0723.JPG,0
DSCN0724.JPG,0
DSCN0725.JPG,0
DSCN0726.JPG,0
DSCN0727.JPG,0
DSCN0728.JPG,0
DSCN0729.JPG,0
DSCN0730.JPG,0
DSCN0731.JPG,0
DSCN0732.JPG,11
DSCN0733.JPG,5
DSCN0734.JPG,4
DSCN0735.JPG,3
DSCN0736.JPG,0
DSCN0737.JPG,0
DSCN0738.JPG,0
DSCN0739.JPG,0
DSCN0740.JPG,0
DSCN0741.JPG,0
DSCN0742.JPG,0
DSCN0743.JPG,0
DSCN0744.JPG,0
DSCN0745.JPG,0
DSCN0746.JPG,1
DSCN0747.JPG,0
DSCN0748.JPG,0
DSCN0749.JPG,1
DSCN0750.JPG,0
DSCN0751.JPG,0
DSCN0752.JPG,0
DSCN0753.JPG,0
DSCN0754.JPG,0
DSCN0755.JPG,0
DSCN0756.JPG,0
DSCN0757.JPG,0
DSCN0758.JPG,0
DSCN0759.JPG,1
DSCN0760.JPG,0
DSCN0761.JPG,2
DSCN0762.JPG,1
DSCN0763.JPG,0
DSCN0764.JPG,1
DSCN0765.JPG,4
DSCN0766.JPG,4
DSCN0767.JPG,6
DSCN0768.JPG,4
DSCN0769.JPG,5
DSCN0770.JPG,6
DSCN0771.JPG,5
DSCN0772.JPG,6
DSCN0773.JPG,7
DSCN0774.JPG,8
DSCN0775.JPG,7
DSCN0776.JPG,9
DSCN0777.JPG,9
DSCN0778.JPG,9
DSCN0779.JPG,7
DSCN0780.JPG,10
DSCN0781.JPG,10
DSCN0782.JPG,7
DSCN0783.JPG,9
DSCN0784.JPG,12
DSCN0785.JPG,10
DSCN0786.JPG,12
DSCN0787.JPG,16
DSCN0788.JPG,11
DSCN0789.JPG,12
DSCN0790.JPG,13
DSCN0791.JPG,16
DSCN0792.JPG,15
DSCN0793.JPG,14
DSCN0794.JPG,13
DSCN0795.JPG,18
DSCN0796.JPG,18
DSCN0797.JPG,20
DSCN0798.JPG,23
DSCN0799.JPG,27
DSCN0800.JPG,24
DSCN0801.JPG,29
DSCN0802.JPG,28
DSCN0803.JPG,29
DSCN0804.JPG,25
DSCN0805.JPG,23
DSCN0806.JPG,26
DSCN0807.JPG,29
DSCN0808.JPG,27
DSCN0809.JPG,24
DSCN0810.JPG,23
DSCN0811.JPG,28
DSCN0812.JPG,21
DSCN0813.JPG,27
DSCN0814.JPG,23
DSCN0815.JPG,23
DSCN0816.JPG,26
DSCN0817.JPG,26
DSCN0818.JPG,32
